Unnamed: 0,Unnamed: 1,Unnamed: 2,Unnamed: 3,Unnamed: 4,Unnamed: 5,2001,Unnamed: 7,2002,Unnamed: 9,2003,Unnamed: 11,2004,Unnamed: 13,2005,Unnamed: 15,2006,Unnamed: 17,2007,Unnamed: 19,2008,Unnamed: 21,2009,Unnamed: 23,2010,Unnamed: 25,2011,Unnamed: 27,2012,Unnamed: 29,2013,Unnamed: 31,2014,Unnamed: 33,2015,Unnamed: 35,2016,Unnamed: 37,2017,Unnamed: 39,2018,Unnamed: 41,2019,Unnamed: 43
KOD_OKRES,NAZOV_OKRES,SKRATKA_OKRES,NAZOV_KRAJ,Vonkajšia výpočtová teplota,Veterná oblasť,"Počet 
vykur.dní","Priem.
vonk.
teplota","Počet 
vykur.dní","Priem.
vonk.
teplota","Počet 
vykur.dní","Priem.
vonk.
teplota","Počet 
vykur.dní","Priem.
vonk.
teplota","Počet 
vykur.dní","Priem.
vonk.
teplota","Počet 
vykur.dní","Priem.
vonk.
teplota","Počet 
vykur.dní","Priem.
vonk.
teplota","Počet 
vykur.dní","Priem.
vonk.
teplota","Počet 
vykur.dní","Priem.
vonk.
teplota","Počet 
vykur.dní","Priem.
vonk.
teplota","Počet 
vykur.dní","Priem.
vonk.
teplota","Počet 
vykur.dní","Priem.
vonk.
teplota","Počet 
vykur.dní","Priem.
vonk.
teplota","Počet 
vykur.dní","Priem.
vonk.
teplota","Počet 
vykur.dní","Priem.
vonk.
teplota","Počet 
vykur.dní","Priem.
vonk.
teplota","Počet 
vykur.dní","Priem.
vonk.
teplota","Počet 
vykur.dní","Priem.
vonk.
teplota","Počet 
vykur.dní","Priem.
vonk.
teplota"
301,Bánovce nad Bebravou,BN,Trenčín,-12,od 2 do 5,210,3.5,211,4.4,209,3.5,211,4.1,209,3.5,208,4,202,5.4,210,6.1,174,3.3,215,4.2,197,4.3,205,4.7,202,4.6,186,6.7,197,5.7,215,5.5,233,3.9,187,4.8,,
601,Banská Bystrica,BB,Banská Bystrica,-15,"< 2,0",226,3.1,230,3.8,221,2.5,239,3.8,228,2.8,223,3.1,245,5.5,242,5.4,182,2,239,3.8,203,2.8,217,3.3,214,3.5,239,6.7,208,4.9,232,4.4,237,3.9,201,3.5,,
602,Banská Štiavnica,BS,Banská Bystrica,-16,"< 2,0",240,3.3,234,3.7,224,2.4,251,4.2,242,3.5,237,3.5,246,4.9,244,4.8,212,3,246,3.4,215,2.7,220,3.1,216,3,231,5.8,214,4.6,230,3.8,239,4.1,189,2.7,,
701,Bardejov,BJ,Prešov,-15,od 2 do 5,225,2.9,223,3.3,228,2.4,243,3.6,229,2.5,225,2.7,250,4.8,242,4.8,233,3.9,234,2.6,222,2.3,218,2.4,223,3.2,237,5.8,219,4.4,244,4.2,231,3.4,196,2.6,,
101,Bratislava I,BA1,Bratislava,-11,od 2 do 5,205,3.9,207,5.1,200,3.4,205,4.1,211,4.1,197,4.3,192,5.2,214,6.3,175,3.3,215,4,190,4.6,201,4.7,202,4.7,182,6.2,183,5.6,206,5.3,207,5.5,181,4.7,,
102,Bratislava II,BA2,Bratislava,-11,od 2 do 5,205,3.9,207,5.1,200,3.4,205,4.1,211,4.1,197,4.3,192,5.2,214,6.3,175,3.3,215,4,190,4.6,201,4.7,202,4.7,182,6.2,183,5.6,205,5.3,207,5.5,181,4.7,,
103,Bratislava III,BA3,Bratislava,-11,od 2 do 5,205,3.9,207,5.1,200,3.4,205,4.1,211,4.1,192,3.5,192,5.2,215,6,175,2.7,214,3.7,197,4.3,193,3.7,206,4.2,194,6.7,187,5.5,209,5,207,5.5,182,4.1,,
104,Bratislava IV,BA4,Bratislava,-11,od 2 do 5,205,3.9,207,5.1,200,3.4,205,4.1,211,4.1,192,3.5,192,5.2,215,6,175,3.3,215,4,190,4.6,201,4.7,202,4.6,182,6.2,192,6.3,209,5.3,203,5.1,182,4.5,,
105,Bratislava V,BA5,Bratislava,-11,od 2 do 5,205,3.9,207,5.1,200,3.4,205,4.1,211,4.1,192,3.5,192,5.2,214,6.3,175,3.3,215,4,190,4.6,201,4.7,202,4.7,182,6.2,192,6.3,209,5,203,5.1,181,4.7,,
603,Brezno,BR,Banská Bystrica,-16,"< 2,0",237,2.5,236,2.7,233,1.4,252,3.1,247,2,248,2.7,252,4.4,246,4.4,235,3.5,250,3.2,231,2.7,222,1.9,228,3.1,238,5.9,221,5.1,239,3.8,237,2.7,209,2.5,,
501,Bytča,BY,Žilina,-15,"< 2,0",236,3.3,229,3.4,227,2.6,241,3.7,247,3.2,227,2.8,258,5.7,242,5.4,212,3.5,242,3.4,217,2.8,219,2.9,221,3.5,215,5.1,216,4.7,229,4.3,233,4.1,202,3.6,,
502,Čadca,CA,Žilina,-15,"< 2,0",243,2.9,240,3.1,239,2.1,264,3.7,261,3,249,3,265,4.9,253,5,235,3.3,257,2.8,247,3.6,242,2.7,250,3.4,239,5.3,242,4.4,248,3.7,254,3.8,202,2.7,,
604,Detva,DT,Banská Bystrica,-15,"< 2,0",234,2.7,236,3.5,224,1.7,240,3.6,239,2.6,234,3.1,237,5,242,5.2,219,3.5,233,3.1,212,2.7,213,2.5,214,3.1,228,6,212,4.1,227,4,228,3.2,196,3,,
503,Dolný Kubín,DK,Žilina,-16,"< 2,0",249,2.9,241,3.1,245,2.3,273,3.7,247,2.1,257,2.9,258,4.3,253,4.8,221,2.8,255,2.8,237,2.5,238,2.4,249,3.6,245,5.4,249,4.6,246,3.4,256,4.4,202,2.5,,
201,Dunajská Streda,DS,Trnava,-11,od 2 do 5,204,4,212,5.1,197,3.2,200,3.9,207,4.1,192,3.6,202,5.4,210,5.8,174,3.3,216,3.6,199,4.4,211,4.8,211,4.7,176,6.2,186,5.6,203,5.4,210,5.3,181,4.9,,
202,Galanta,GA,Trnava,-11,od 2 do 5,201,3.9,212,4.8,207,3.2,206,4.1,209,3.8,198,3.9,208,5.6,221,8.1,176,5.2,212,4.8,195,4.1,194,4.4,197,4.8,176,6.2,188,5.7,214,6.1,200,5,180,4.9,,
801,Gelnica,GL,Košice,-15,"< 2,0",250,3.1,242,2.9,245,1.7,264,3.2,269,2.8,264,3.1,253,3.9,246,3.8,249,3.5,254,2.7,239,2.4,239,2.7,246,3,254,5.2,241,3.9,245,3.2,251,3,225,3,,
203,Hlohovec,HC,Trnava,-11,od 2 do 5,213,3.7,216,4.7,208,3.4,210,4,215,3.9,204,3.9,195,5,229,6.2,195,5.7,213,4,202,3.6,213,4.4,214,4.4,196,6.2,197,5.1,224,5.1,226,4.9,184,4.2,,
702,Humenné,HE,Prešov,-15,"< 2,0",221,3.7,223,4,222,2.5,231,3.8,222,2.9,227,3.7,242,5.6,238,5.7,207,4,230,3.8,217,3.3,212,3.1,211,3.8,211,5.9,208,4.8,214,4.1,230,4.3,196,3.8,,
302,Ilava,IL,Trenčín,-13,od 2 do 5,218,3.5,223,4.1,220,3.2,229,3.9,220,2.8,216,3.1,240,5.8,242,6,218,5.4,225,3.4,201,3.2,214,3.6,220,4.2,207,7.1,207,4.6,214,5.5,225,4.5,197,4,,
703,Kežmarok,KK,Prešov,-16,"< 2,0",275,2.6,261,2.9,249,1.6,273,3,262,2.1,280,3.1,261,4,256,4,230,2.1,262,2.4,231,1.9,230,1.5,246,2.9,265,5.3,250,3.9,246,3,260,3.5,215,2.2,,
401,Komárno,KN,Nitra,-11,od 2 do 5,198,3.8,207,5.3,196,3.5,202,4.2,207,4.1,192,3.6,198,5.7,202,6,174,3.5,205,4.1,199,4.5,202,4.8,201,4.8,188,6.6,188,5.5,208,5.3,208,4.9,183,4.8,,
806,Košice - okolie,KS,Košice,-13,od 2 do 5,216,3.3,221,3.8,216,2.4,227,3.8,216,3,217,3.5,227,5.1,241,5.6,187,3,209,3,200,2.9,208,2.9,208,3.6,200,6.3,199,4.4,208,3.7,220,3.6,196,3.6,,
802,Košice I,KE1,Košice,-13,od 2 do 5,213,3.5,219,3.9,214,2.5,227,3.9,214,3.2,209,3.3,204,4.7,216,5.2,181,2.9,230,4,202,3,209,3.5,198,3.7,200,6.3,201,4.7,208,3.9,225,4.4,188,3.5,,
803,Košice II,KE2,Košice,-13,od 2 do 5,213,3.5,219,3.9,214,2.5,227,3.9,214,3.2,209,3.3,204,4.7,216,5.2,181,2.9,230,4,202,3,209,3.5,198,3.7,200,6.3,201,4.7,208,3.9,225,4.4,188,3.5,219,5.6
804,Košice III,KE3,Košice,-13,od 2 do 5,213,3.5,219,3.9,214,2.5,227,3.9,214,3.2,209,3.3,204,4.7,216,5.2,181,2.9,230,4,202,3,209,3.5,198,3.7,200,6.3,201,4.7,208,3.9,225,4.4,188,3.5,,
805,Košice IV,KE4,Košice,-13,od 2 do 5,213,3.5,219,3.9,214,2.5,227,3.9,214,3.2,209,3.3,204,4.7,216,5.2,181,2.9,230,4,202,3,209,3.5,198,3.7,203,5.9,201,4.7,208,3.9,225,4.4,188,3.5,,
605,Krupina,KA,Banská Bystrica,-13,"< 2,0",223,3.2,225,4.1,217,2.6,224,3.6,222,3.1,228,3.8,235,5.2,238,5.4,189,2.7,239,3.9,202,2.9,212,3.4,213,4,211,6.2,207,4.6,217,4.8,218,3.8,188,3.3,,
504,Kysucké Nové Mesto,KM,Žilina,-13,"< 2,0",245,3.5,229,3.5,228,2.6,246,3.9,247,3.2,223,2.7,239,5,245,5.5,227,4,253,3,228,3.6,217,2.9,241,3.7,220,5.3,214,5,238,4.6,233,4.1,200,3.2,,
402,Levice,LV,Nitra,-11,"< 2,0",207,3.2,216,4.7,205,2.9,215,3.9,215,3.9,207,3.9,207,5.4,208,5.4,174,2.6,216,3.7,202,3.8,212,4.5,206,4.3,196,6.4,195,5.2,214,4.7,217,4.7,182,4,,
704,Levoča,LE,Prešov,-16,"< 2,0",237,2.9,234,3,234,1.7,251,3.4,255,2.7,254,3,245,4.5,243,4.6,232,3.6,245,2.9,223,2.4,216,2.1,232,3,240,5.2,227,3.8,237,3.6,239,3,210,2.2,,
505,Liptovský Mikuláš,LM,Žilina,-16,"< 2,0",250,2.7,237,2.6,238,1.7,265,3.2,247,1.9,249,2.3,264,4.5,246,4.4,234,3.1,248,2.9,201,2.4,225,1.9,237,3.3,234,5.6,228,4.6,244,3.8,254,3.5,209,2.8,,
606,Lučenec,LC,Banská Bystrica,-13,"< 2,0",215,3,220,3.9,214,2.1,228,4,211,2.7,219,3.7,226,5.4,237,5.8,180,2.7,209,3.1,203,3.2,211,3.6,208,4,208,6.3,200,5.3,210,4.1,225,4.1,191,3.5,,
106,Malacky,MA,Bratislava,-11,od 2 do 5,208,4.2,208,5.3,209,3.7,217,4.4,208,3.5,192,3.5,196,5.1,228,6.1,176,2.9,218,3.7,207,4.2,213,4.5,203,4.1,193,6.1,197,5.9,211,4.9,223,5,182,4.2,,
506,Martin,MT,Žilina,-15,"< 2,0",244,3.6,228,3.4,226,2.3,259,3.7,264,3.2,244,2.8,258,5.1,253,5.2,227,3.3,256,3,222,2.9,218,2.7,222,3.6,221,6.1,214,5.2,243,4.8,257,4,202,3.5,241,5.2
705,Medzilaborce,ML,Prešov,-15,od 2 do 5,245,3.1,228,2.8,237,2,252,3.4,238,2.5,240,3,257,4.7,242,4.4,242,4.2,239,2.8,235,2.9,230,2.8,228,3.3,234,5.5,224,4.2,240,3.8,235,3.4,201,2.7,,
807,Michalovce,MI,Košice,-13,od 2 do 5,205,3.5,213,4.2,209,2.6,218,4,210,3.1,202,3.3,207,5.2,216,5.4,181,3.3,209,3.5,197,3,207,3.6,213,4.6,199,6.2,189,4.7,207,4.5,219,4.3,196,4.4,,
303,Myjava,MY,Trenčín,-13,od 2 do 5,236,3.5,226,3.9,226,2.7,234,3.5,226,3.1,224,3.6,245,5.6,233,5.3,177,2,214,2.9,203,3.5,213,3.5,223,4.4,231,4.8,216,4.7,223,5.1,230,3.9,188,3.4,,
507,Námestovo,NO,Žilina,-18,"< 2,0",271,2.5,256,2.6,250,1.4,285,3.5,263,2,266,2.9,265,3.8,254,3.9,250,2.8,279,2.6,246,2.5,247,2,261,3.1,258,4.9,245,3.7,246,2.9,268,3.4,218,2.3,,
403,Nitra,NR,Nitra,-11,od 2 do 5,213,3.8,209,4.7,204,3.2,209,4.1,209,3.8,198,3.9,208,5.6,216,6,175,3.1,216,3.9,203,4.1,208,4.7,201,4.5,189,6.5,189,5.1,214,5.3,217,4.7,189,4.8,,
304,Nové Mesto nad Váhom,NM,Trenčín,-11,od 2 do 5,214,3.9,225,4.4,218,3.2,223,3.9,228,3.9,207,4.5,226,6.6,233,5.3,176,2.6,216,3.7,202,3.8,213,4.5,216,4.3,231,4.8,216,4.7,193,4,230,3.9,187,4.3,,
404,Nové Zámky,NZ,Nitra,-11,od 2 do 5,200,3.8,209,5.4,199,3.3,202,4.2,203,3.6,187,3.6,207,5.2,200,5.7,183,3.9,211,4.1,199,4.5,202,4.8,197,4.8,193,6.5,188,5,216,5.1,210,5.3,180,4.9,,
305,Partizánske,PE,Trenčín,-13,od 2 do 5,210,3.5,211,4.4,209,3.5,211,4.1,209,3.5,208,4,202,5.4,210,6.1,174,3.3,215,4.2,197,4.3,205,4.7,202,4.6,186,6.7,197,5.7,224,7.8,233,3.9,187,4.8,,
107,Pezinok,PK,Bratislava,-11,od 2 do 5,203,4,206,5,200,3.6,205,4.4,213,4.3,226,3.8,200,5.6,205,6,175,3.1,217,4,201,4.3,207,4.8,203,4.7,189,6.5,214,4.8,231,4,208,5.2,188,4.8,,
204,Piešťany,PN,Trnava,-11,od 2 do 5,215,3.8,218,4.7,209,3.2,208,3.8,210,3.6,212,4.1,213,5.4,225,6,177,2.9,217,3.7,202,3.8,213,4.5,214,4.5,196,6.5,196,5.2,220,5,225,4.7,182,4.2,,
607,Poltár,PT,Banská Bystrica,-13,"< 2,0",219,3.2,225,4.1,216,2.4,232,3.9,218,3,182,2.8,226,4.9,233,5.3,188,2.7,219,3.2,204,2.8,212,3.3,213,3.6,226,6.5,215,4.5,245,2.3,225,4.1,194,3.5,,
706,Poprad,PP,Prešov,-16,od 2 do 5,259,2.5,248,2.6,249,1.6,273,3,262,2.1,280,3.1,261,4,256,4,230,2.1,262,2.4,231,1.9,230,1.5,247,2.7,260,5.1,244,4.3,245,3,251,2.9,218,2.2,,
306,Považská Bystrica,PB,Trenčín,-15,"< 2,0",218,3.5,223,4.1,220,3.2,229,3.9,220,2.8,216,3.1,240,5.8,242,6,187,2.8,225,3.4,201,3.2,214,3.6,220,4.2,226,6.9,207,4.6,236,4.5,233,4.1,197,4,,
707,Prešov,PO,Prešov,-15,od 2 do 5,210,2.3,225,3.2,230,2.2,240,3.4,235,3,223,2.8,245,5.1,246,5.2,220,3.7,235,3.2,207,2.3,213,2.6,217,3.3,239,6,210,4.5,226,4,251,3,199,3,,
307,Prievidza,PD,Trenčín,-14,"< 2,0",219,3.6,222,4.3,217,3.3,217,3.7,211,2.9,213,3.4,232,5.8,226,5.9,179,2.6,216,3.7,202,3.5,212,3.9,208,4.1,211,6.9,197,5.1,221,5,227,4.3,179,3.8,,
308,Púchov,PU,Trenčín,-13,od 2 do 5,218,3.5,223,4.1,220,3.2,229,3.9,220,2.8,216,3.1,240,5.8,242,6,187,2.8,225,3.4,201,3.2,214,3.6,220,4.2,239,7.2,207,4.6,224,5,233,4.1,197,4,,
608,Revúca,RA,Banská Bystrica,-15,"< 2,0",228,3.2,231,3.6,224,2,240,3.4,230,2.7,237,3.5,245,4.9,243,5,199,3,226,3.4,204,2.5,215,3,219,3,239,6.7,210,4.6,222,3.7,236,3.7,202,3.2,,
609,Rimavská Sobota,RS,Banská Bystrica,-13,"< 2,0",215,3.1,221,3.9,208,1.6,227,3.8,212,2.6,208,2.8,228,5.4,227,5.2,181,2.8,216,3.1,203,2.9,212,3.2,210,3.8,211,6.2,199,5,206,3.8,226,4,196,3.7,,
808,Rožňava,RV,Košice,-15,"< 2,0",218,3.2,224,3.7,213,2.2,232,3.8,211,2.5,212,3.3,229,5.2,220,5,181,2.7,219,3.4,203,2.9,213,3.3,218,3.5,219,6.3,203,4.5,213,3.8,227,3.8,196,2.8,,
508,Ružomberok,RK,Žilina,-16,"< 2,0",250,2.7,234,3.6,228,2.4,241,3.8,230,2.7,237,2.8,246,5.2,241,5.2,230,3.4,247,3.2,205,3,219,2.6,238,3.3,246,5.8,235,4.4,244,4,257,4,202,2.6,,
708,Sabinov,SB,Prešov,-15,"< 2,0",229,2.9,227,3.3,229,2.3,239,3.3,242,3.3,225,2.9,245,4.9,246,5.1,220,3.5,236,3,206,2.2,217,2.4,225,3.3,239,5.9,220,4.6,244,4.1,251,3,196,2.9,233,5.3
108,Senec,SC,Bratislava,-11,od 2 do 5,201,3.9,208,5.1,204,3.6,202,4.2,208,4.2,197,4.1,198,5.7,210,6,176,3.3,218,4,195,4.3,196,4.8,199,4.4,185,6.2,191,5.6,204,5.1,208,5,184,4.5,,
205,Senica,SE,Trnava,-12,od 2 do 5,213,3.9,217,5.1,210,3.3,215,4.1,207,3.4,194,1900-01-03 19:12:00,203,5.3,226,6.1,177,2.9,213,3.3,203,4.6,205,4.8,223,4.4,231,4.8,194,6,210,4.9,220,4.5,183,3.9,,
206,Skalica,SI,Trnava,-11,od 2 do 5,196,3.9,209,5.1,203,3.3,207,4.3,209,4.4,195,3.8,193,5.5,217,6.2,177,3.1,212,3.7,203,4.6,205,4.8,200,4.5,191,6.6,189,5.7,209,5.2,214,5.1,182,4.4,,
709,Snina,SV,Prešov,-15,"< 2,0",247,3.2,237,3.1,233,2.2,249,3.5,247,3.2,240,3.2,253,4.4,246,4.6,242,3.9,241,2.8,230,2.7,226,2.3,226,2.9,240,5.9,225,4.5,237,3.5,247,3.7,196,3.8,,
809,Sobrance,SO,Košice,-13,od 2 do 5,205,3.5,213,4.2,209,2.6,218,4,211,3.1,206,3.6,225,5.9,232,6.1,186,3.9,208,3.9,200,3.1,206,3.5,207,4.7,193,6,188,4.7,203,4.6,210,4.2,196,4.8,,
810,Spišská Nová Ves,SN,Košice,-16,"< 2,0",237,2.9,234,3,234,1.7,251,3.4,255,2.7,254,3,245,4.5,243,4.6,232,3.6,245,2.9,223,2.4,216,2.1,234,3,240,5.2,227,3.8,237,3.6,239,3,202,2.2,,
710,Stará Ľubovňa,SL,Prešov,-17,"< 2,0",262,2.6,251,2.5,250,1.3,280,3.3,261,2.2,266,2.6,253,3.7,257,4.5,236,2.7,252,2.6,236,2.5,239,2.2,244,3,250,5.4,244,3.9,245,2.9,246,3.1,211,2.1,,
711,Stropkov,SP,Prešov,-15,od 2 do 5,230,3.4,224,3.5,230,2.5,239,3.6,236,3.1,225,3,245,5.1,241,5.3,229,4.4,235,3.4,215,2.5,214,2.8,215,3.3,226,5.9,210,4.5,235,4.4,221,3.6,196,3.3,,
712,Svidník,SK,Prešov,-15,od 2 do 5,230,3.4,224,3.5,230,2.5,239,3.6,236,3.1,225,3,245,5.1,241,5.3,229,4.4,235,3.4,215,2.5,214,2.8,215,3.3,226,5.9,210,4.5,235,4.4,221,3.6,196,3.3,,
405,Šaľa,SA,Nitra,-11,od 2 do 5,202,3.4,212,4.8,207,3.2,206,4.1,206,3.8,186,3.5,191,5.2,225,5.3,176,3.4,219,4.3,195,4.1,194,4.4,197,4.8,184,6.9,188,5.7,197,5.4,200,5,180,4.9,,
406,Topoľčany,TO,Nitra,-11,od 2 do 5,210,3.5,211,4.4,209,3.5,211,4.1,209,3.5,208,4,202,5.4,210,6.1,174,3.3,215,4.2,197,4.3,205,4.7,202,4.6,186,6.7,197,5.7,215,5.5,233,3.9,187,4.8,,
811,Trebišov,TV,Košice,-13,od 2 do 5,212,3.5,215,3.8,217,2.7,223,4,211,2.9,203,2.9,218,5.2,234,5.5,181,3,215,3.3,200,2.7,212,3.4,201,3.6,213,5.9,197,4.7,209,4.2,220,4.1,196,4,,
309,Trenčín,TN,Trenčín,-12,od 2 do 5,227,4,219,4.7,211,3.3,223,3.9,228,3.9,225,4,223,5.7,228,5.9,176,2.4,217,3.6,202,3.7,214,4.2,217,4.1,215,6.6,197,5.1,224,5,225,4.5,197,3.4,,
207,Trnava,TT,Trnava,-11,od 2 do 5,213,3.7,216,4.7,208,3.4,210,4,215,3.9,204,3.9,195,5,229,6.2,176,2.8,213,4,202,3.6,213,4.4,214,4.4,196,6.2,197,5.1,224,5.1,226,4.9,184,4.2,,
509,Turčianske Teplice,TR,Žilina,-16,"< 2,0",243,3.2,230,3.2,231,2.2,252,3.6,256,3,243,2.7,252,4.6,242,4.7,236,3.6,257,3.2,232,2.7,217,2.3,232,3.5,232,6,220,4.8,243,4.3,239,3.6,202,3.3,,
510,Tvrdošín,TS,Žilina,-17,"< 2,0",274,2.4,256,2.7,252,1.4,291,3.3,266,2,275,2.9,265,3.5,257,3.8,248,2.6,279,2.5,245,2.3,245,1.7,257,2.6,260,4.7,251,4.1,246,2.7,268,3.3,230,2.6,,
610,Veľký Krtíš,VK,Banská Bystrica,-13,"< 2,0",208,3.3,217,4.5,210,2.8,222,4.3,208,3.3,214,4.2,220,5.8,216,5.7,182,3.2,219,3.9,203,3.5,212,4.1,204,4.3,217,7,204,5.2,218,4.3,222,3.6,196,4,,
713,Vranov nad Topľou,VT,Prešov,-15,od 2 do 5,223,3.7,219,3.7,219,2.5,230,4,212,2.7,214,3.2,232,5.3,238,5.6,212,3.9,217,3.4,202,2.9,210,3.4,205,3.7,210,5.9,208,5.6,216,4.4,218,4,196,3.8,,
407,Zlaté Moravce,ZM,Nitra,-11,od 2 do 5,207,3.6,214,4.8,202,3,213,4.1,228,4.3,215,4.4,205,5.4,205,5.5,174,3,216,4,202,3.8,212,4.5,206,4.3,196,6.4,195,5.2,214,4.7,223,4.5,182,4,,
611,Zvolen,ZV,Banská Bystrica,-15,"< 2,0",221,2.6,231,3.5,227,2.4,251,3.7,234,2.7,226,2.8,245,5.1,242,5.1,187,2.1,223,3.1,206,2.6,212,2.9,211,3.3,230,6.6,206,4.5,216,3.9,227,3.2,197,3.4,,
612,Žarnovica,ZC,Banská Bystrica,-15,"< 2,0",215,3.5,225,4.5,215,3,225,4.1,240,4,223,3.9,217,5.3,239,5.9,182,2.7,219,3.8,197,3.6,212,4,207,4.2,208,6.9,203,5.3,227,4.3,223,4.3,190,3.4,,
613,Žiar nad Hronom,ZH,Banská Bystrica,-15,"< 2,0",215,3.5,225,4.5,215,3,225,4.1,240,4,223,3.9,217,5.3,239,5.9,182,2.7,219,3.8,197,3.6,212,4,208,4,211,6.8,203,5.3,223,4.9,223,4.3,191,4.1,,
511,Žilina,ZA,Žilina,-15,"< 2,0",245,3.5,229,3.5,228,2.6,246,3.9,247,3.2,228,2.9,249,5.3,242,5.4,225,3.9,246,3.6,228,3.6,217,2.9,231,4,227,6.2,214,5,238,4.6,233,4.1,198,3.7,,
