SO1,Obvodová stena ŠD,Unnamed: 2,Unnamed: 3,465.1,Unnamed: 5,Unnamed: 6,Unnamed: 7,STR1,Plochá strecha ŠD,Unnamed: 10,Unnamed: 11,825.5,Unnamed: 13,Unnamed: 14,Unnamed: 15,PDL1,Podlaha na teréne ŽS,Unnamed: 18,Unnamed: 19,825.5.1,Unnamed: 21,Unnamed: 22,Unnamed: 23,Unnamed: 24,Unnamed: 25
Odpor pri prestupe tepla na vnútornej strane k-cie ,,,Rsi =,0.13,,,,Odpor pri prestupe tepla na vnútornej strane k-cie,,,Rsi =,0.1,,,,Odpor pri prestupe tepla na vnútornej strane k-cie ,,,Rsi =,0.17,posudenie na R,,,,
Názov vrstvy konštrukcie,,dj [m],λj [W/(m.K)],Rj [m2.K/W],,,,Názov vrstvy konštrukcie,,dj [m],λj [W/(m.K)],Rj [m2.K/W],,,,Názov vrstvy konštrukcie,,dj [m],λj [W/(m.K)],Rj [m2.K/W],,,,,
Vápennocementová omietka,,0.0015,0.9,0.0016666666666666666,,,,TI minerálna vlna,,0.23,0.05,4.6,,,,,,,,,,,,,
Pórobetónové tvárnice,,0.3,0.35,0.8571428571428572,,,,Spiroll,,0.25,1.2,0.20833333333333334,,,,cementový poter,,0.033,1.16,0.02844827586206897,,,,,
TI minerálna vlna,,0.15,0.04,3.75,,,,TI čadič,,0.12,0.08,1.5,,,,betón hutný,,0.055,1.02,0.05392156862745098,,,,,
,,,,,,,,vzduchová medzera,,0.18,1.3,0.13846153846153844,,,,TI,,0.06,0.05,1.2,,,,,
,,,,,,,,HI,,0.002,0.16,0.0125,,,,,,,,,,,,,
,,,,,,,,pórobetónový panel,,0.25,0.35,0.7142857142857143,,,,HI PVC fólia,,0.002,0.21,0.009523809523809525,,,,,
Celková hrúbka konštrukcie ,,0.4515,∑Rj = ,4.608809523809524,,,,,,,,,,,,,,,,,,,,,
Odpor pri prestupe tepla na vonkajšej strane k-cie,,,Rse =,0.04,,,,Celková hrúbka konštrukcie ,,1.032,∑Rj = ,7.173580586080586,,,,,,,,,,,,,
Odpor konštrukcie pri prechode tepla ,,,R0 =,4.778809523809524,,,,Odpor pri prestupe tepla na vonkajšej strane k-cie,,,Rse =,0.04,,,,Celková hrúbka konštrukcie ,,0.15,∑Rj = ,1.2918936540133295,,,,,
Súčiniteľ prechodu tepla,,,U =,0.2092571371630711,,,,Odpor konštrukcie pri prechode tepla ,,,R0 =,7.313580586080586,,,,Odpor pri prestupe tepla na vonkajšej strane k-cie,,,Rse =,0.04,,,,,0.439
,,,,,,,,Súčiniteľ prechodu tepla,,,U =,0.1367319315388728,,,,Odpor konštrukcie pri prechode tepla ,,,R0 =,1.5018936540133294,,,,,
SO2,Obvodová stena ŠD2,,,1217.2,,,,,,,,,,,,Súčiniteľ prechodu tepla,,,U =,0.26,,,,,
Odpor pri prestupe tepla na vnútornej strane k-cie ,,,Rsi =,0.13,,,,STR2,Strecha Jedáleň,,,1104.7,,,,,,,,,,,,,
Názov vrstvy konštrukcie,,dj [m],λj [W/(m.K)],Rj [m2.K/W],,,,Odpor pri prestupe tepla na vnútornej strane k-cie,,,Rsi =,0.1,,,,PDL2,Podlaha na teréne Jedáleň,,,1104.7,,,,,
Vápennocementová omietka,,0.012,0.9,0.013333333333333332,,,,Názov vrstvy konštrukcie,,dj [m],λj [W/(m.K)],Rj [m2.K/W],,,,Odpor pri prestupe tepla na vnútornej strane k-cie ,,,Rsi =,0.17,,,,,
ŽB panel,,0.15,1.58,0.09493670886075949,,,,TI minerálna vlna,,0.22,0.05,4.3999999999999995,,,,Názov vrstvy konštrukcie,,dj [m],λj [W/(m.K)],Rj [m2.K/W],,,,,
Pórobetónové tvárnice,,0.3,0.35,0.8571428571428572,,,,Spiroll,,0.25,1.13,0.22123893805309736,,,,cementový poter + povrchová vrstva,,0.025,1.16,0.021551724137931036,,,,,
TI minerálna vlna,,0.14,0.04,3.5000000000000004,,,,TI čadič,,0.12,0.08,1.5,,,,betónová mazanina,,0.063,1.02,0.061764705882352944,,,,,
,,,,,,,,vzudhcová medzera,,0.175,1.1,0.15909090909090906,,,,TI,,0.06,0.05,1.2,,,,,
Celková hrúbka konštrukcie ,,0.602,∑Rj = ,4.46541289933695,,,,drevený panel KSDD,,0.128,0.22,0.5818181818181818,,,,HI,,0.002,0.21,0.009523809523809525,,,,,
Odpor pri prestupe tepla na vonkajšej strane k-cie,,,Rse =,0.04,,,,HI,,0.002,0.16,0.0125,,,,,,,,,,,,,
Odpor konštrukcie pri prechode tepla ,,,R0 =,4.63541289933695,,,,,,,,,,,,Celková hrúbka konštrukcie ,,0.15,∑Rj = ,1.2928402395440934,,,,,
Súčiniteľ prechodu tepla,,,U =,0.21573051240873065,,,,Celková hrúbka konštrukcie ,,0.59,∑Rj = ,6.874648028962188,,,,Odpor pri prestupe tepla na vonkajšej strane k-cie,,,Rse =,0.04,,,,,
,,,,,,,,Odpor pri prestupe tepla na vonkajšej strane k-cie,,,Rse =,0.04,,,,Odpor konštrukcie pri prechode tepla ,,,R0 =,1.5028402395440934,,,,,
SO3,Obvodová stena - Nezateplená časť,,,307.8,,,,Odpor konštrukcie pri prechode tepla ,,,R0 =,7.0146480289621875,,,,Súčiniteľ prechodu tepla,,,U =,0.22,,,,,
Odpor pri prestupe tepla na vnútornej strane k-cie ,,,Rsi =,0.13,,,,Súčiniteľ prechodu tepla,,,U =,0.14255882773749795,,,,,,,,,,,,,
Názov vrstvy konštrukcie,,dj [m],λj [W/(m.K)],Rj [m2.K/W],,,,,,,,,,,,,,,,,,,,,
Vápennocementová omietka,,0.012,0.9,0.013333333333333332,,,,,,,,,,,,,,,,,,,,,
betón ŽB,,0.15,1.7,0.08823529411764706,,,,,,,,,,,,,,,,,,,,,
pórobetón,,0.3,0.3,1,,,,,,,,,,,,,,,,,,,,,
TI minerálna vlna,,0.14,0.04,3.5000000000000004,,,,,,,,,,,,,,,,,,,,,
,,,,,,,,,,,,,,,,,,,,,,,,,
,,,,,,,,,,,,,,,,,,,,,,,,,
,,,,,,,,,,,,,,,,,,,,,,,,,
Celková hrúbka konštrukcie ,,0.602,∑Rj = ,4.60156862745098,,,,,,,,,,,,,,,,,,,,,
Odpor pri prestupe tepla na vonkajšej strane k-cie,,,Rse =,0.04,,,,,,,,,,,,,,,,,,,,,
Odpor konštrukcie pri prechode tepla ,,,R0 =,4.77156862745098,,,,,,,,,,,,,,,,,,,,,
Súčiniteľ prechodu tepla,,,U =,0.2095746866652969,,,,,,,,,,,,,,,,,,,,,
,,,,,,,,,,,,,,,,,,,,,,,,,
SO4,Obvodová stena Jedáleň,,,333,,,,,,,,,,,,,,,,,,,,,
Odpor pri prestupe tepla na vnútornej strane k-cie ,,,Rsi =,0.13,,,,,,,,,,,,,,,,,,,,,
Názov vrstvy konštrukcie,,dj [m],λj [W/(m.K)],Rj [m2.K/W],,,,,,,,,,,,,,,,,,,,,
Vápennocementová omietka,,0.012,0.9,0.013333333333333332,,,,,,,,,,,,,,,,,,,,,
keramické panely,,0.4,0.35,1.142857142857143,,,,,,,,,,,,,,,,,,,,,
TI minerálna vlna,,0.13,0.04,3.25,,,,,,,,,,,,,,,,,,,,,
,,,,,,,,,,,,,,,,,,,,,,,,,
,,,,,,,,,,,,,,,,,,,,,,,,,
Celková hrúbka konštrukcie ,,0.542,∑Rj = ,4.406190476190476,,,,,,,,,,,,,,,,,,,,,
Odpor pri prestupe tepla na vonkajšej strane k-cie,,,Rse =,0.04,,,,,,,,,,,,,,,,,,,,,
Odpor konštrukcie pri prechode tepla ,,,R0 =,4.576190476190476,,,,,,,,,,,,,,,,,,,,,
Súčiniteľ prechodu tepla,,,U =,0.21852237252861603,,,,,,,,,,,,,,,,,,,,,
,,,,,,,,,,,,,,,,,,,,,,,,,
SO5,Obvodová stena Jedáleň2,,,1912.6,,,,,,,,,,,,,,,,,,,,,
Odpor pri prestupe tepla na vnútornej strane k-cie ,,,Rsi =,0.13,,,,,,,,,,,,,,,,,,,,,
Názov vrstvy konštrukcie,,dj [m],λj [W/(m.K)],Rj [m2.K/W],,,,,,,,,,,,,,,,,,,,,
Vápennocementová omietka,,0.0015,0.9,0.0016666666666666666,,,,,,,,,,,,,,,,,,,,,
betón ŽB,,0.15,1.7,0.08823529411764706,,,,,,,,,,,,,,,,,,,,,
TI minerálna vlna,,0.17,0.04,4.25,,,,,,,,,,,,,,,,,,,,,
,,,,,,,,,,,,,,,,,,,,,,,,,
,,,,,,,,,,,,,,,,,,,,,,,,,
Celková hrúbka konštrukcie ,,0.3215,∑Rj = ,4.339901960784314,,,,,,,,,,,,,,,,,,,,,
Odpor pri prestupe tepla na vonkajšej strane k-cie,,,Rse =,0.04,,,,,,,,,,,,,,,,,,,,,
Odpor konštrukcie pri prechode tepla ,,,R0 =,4.509901960784314,,,,,,,,,,,,,,,,,,,,,
Súčiniteľ prechodu tepla,,,U =,0.22173431012369296,,,,,,,,,,,,,,,,,,,,,
