"posudenie obalovych konstrukcii R, U podla STN 73 0540-2,3",Unnamed: 1,Unnamed: 2,Unnamed: 3,Unnamed: 4,Unnamed: 5,vhovuje,nevyhovuje,Unnamed: 8,Unnamed: 9,Unnamed: 10,Kategória budovy,Unnamed: 12,Číselník DPH,Unnamed: 14,Unnamed: 15,Unnamed: 16,Unnamed: 17,Unnamed: 18,Unnamed: 19,Unnamed: 20,Unnamed: 21,Unnamed: 22,Unnamed: 23,Unnamed: 24,Unnamed: 25,Unnamed: 26,Unnamed: 27,Unnamed: 28,Unnamed: 29,Unnamed: 30,Unnamed: 31,Unnamed: 32,Unnamed: 33,Unnamed: 34,Unnamed: 35,Unnamed: 36,Unnamed: 37,Unnamed: 38,Unnamed: 39,Unnamed: 40,Unnamed: 41,Unnamed: 42,Unnamed: 43,Unnamed: 44,Unnamed: 45,Unnamed: 46,Unnamed: 47,Unnamed: 48,Unnamed: 49,Unnamed: 50,Unnamed: 51,Unnamed: 52,Unnamed: 53,Unnamed: 54,Unnamed: 55,Priemerný tepelný výkon vnútorných zdrojov tepla podľa STN 73 0540-2,Unnamed: 57,Unnamed: 58,Unnamed: 59,Unnamed: 60,Unnamed: 61,Unnamed: 62,Unnamed: 63,Unnamed: 64,Osvetlenie,Unnamed: 66,Unnamed: 67,Unnamed: 68,Unnamed: 69,Unnamed: 70,Unnamed: 71,Unnamed: 72,Unnamed: 73,Unnamed: 74,Unnamed: 75,Unnamed: 76,Unnamed: 77
,sucinitel pre podlahu STN EN ISO 13 370,,,,,,,,,,Rodinné domy,,áno,1.2,,,,,,,,,,,,,,,,,,,,,,,,,,,,,,,,,,,,,,,,,,bytové domy,,,,5,W/m2,,,,,Merný výkon,Merný výkon,CENA bez DPH (€),"merná cena     
bez DPH (€)",,Životnosť,,,,,,
,sirenie vlhkosti?,,,,,,,,,,Bytové domy,,nie,1,,,,,,,,,,,,,,,,,,,,,,,,,,,,,,,,,,,,,,,,,,rodinné domy,,,,4,W/m2,,,,,lm/W,v rozsahu,€,fix €/ks,var. €/W,h,,,,,,
,,,,,,,,,,,Administratívne budovy,,,,,,,,,,,,,,,,,,,,,,,,,,,,,,,,,,,,,,,,,,,,,ostatné,,,,6,W/m2,,,,obyčajná žiarovka,13,6 – 15,0.27,0.66,0.01,1000,,,,,,
,,,,,,,,,,,Budovy škôl a školských zariadení,,,,,,,,,,,,,,,,,,,,,,,,,,,,,,,,,,,,,,,,,,,,,,,,,,,,,,halogénová žiarovka,15,12 –17,4.32,2.66,0.03,3000,,,,,,
,,,,,,,,,,,Budovy nemocníc,,,,,,,,,,,,,,,,,,,,,,,,,,,,,,,,,,,,,,,,,,,,,,,,,,,,,,LED žiarovka,85,60 – 90 ,23.24,11.62,0.66,50000,,,,,,
,,,,,,,,,,,Budovy hotelov a reštaurácií,,,,,,,,,,,,,,,,,,,,,,,,,,,,,,,,,,,,,,,,,,,,,,,,,,,,,,LED žiarovka + nové svietidlo,85,60 – 90 ,120,43,1.7,50000,,,,,,
,,,,,,,,,,,Športové haly a iné budovy určené na šport,,,,,,,,,,,,,,,,,,,,,,,,,,,,,,,,,,,,,,,,,,,,,,,,,,,,,,LED žiarovka + nové svietidlo + pohybový senzor,85,60 – 90 ,,60,1.7,50000,,,,,,
,,,,,,,,,,,Budovy pre veľkoobchodné a maloobchodné služby,,,,,,,,,,,,,,,,,,,,,,,,,,,,,,,,,,,,,,,,,,,,,,,,,,,,,,LED svetelná trubica + nové svietidlo,95,90 – 100 ,165,125,0.5,50000,,,,,,
,,,,,,,,,,,Výrobné haly a priemyselné budovy,,,,,,,,,,,,,,,,,,,,,,,,,,,,,,,,,,,,,,,,,,,,,,,,,,,,,,lineárna žiarivka T8 + klasický predradník,60,55 – 74 ,1.83,0,0.03,8000,,,,,,
,,,,,,,,,,,,,,,,,,,,,,,,,,,,,,,,,,,,,,,,,,,,,,,,,,,,,,,,,,,,,,,,,lineárna žiarivka T8 + elektronický predradník,80,75 – 90 ,0,27.22,0.03,15000,,,,,,
,,,,,,,,,,,Klimatické údaje,,,,,Klimatické podmienky podľa STN EN ISO 13790,,,,,,,,,,,,,,,,,,,,,,,,,,,,,,,,,,,,,,,,Normalizovaný počet dennostupňov,,,,,,,,,lineárna žiarivka T8 + elektronický predradník + nové svietidlo,80,75 – 90 ,,42,0.25,15000,,,,,,
,,,,,,,,,,,,,"Normalizované
hodnotenie","Upravené
hodnotenie",,Mesiac:,SPOLU,Január,,,Február,,,Marec,,,Apríl,,,Máj,,,Jún,,,Júl,,,August,,,September,,,Október,,,Novebmer,,,December,,,,,Mesiac,d (dni),Vnútorná teplota (°C),Vonkajšia priemerná (°C),D (K.deň),xi,,,,lineárna žiarivka T5 + elektronický predradník + nové svietidlo,95,90 – 107,1.83,40,0.35,16000,,,,,,
,,,,,,,,,,,Vonkajšia výpočtová teplota (oC):,qe,-15,,,VO :,4432.4,31,,,28,,,31,,,30,,,5,,,0,,,0,,,0,,,5,,,31,,,30,,,31,,,dni,,Január,31,20,-1.8,675.8000000000001,16.2192,,,,kompaktná žiarivka,50,40 – 87,4.65,4.32,0.03,6000,,,,,,
,,,,,,,,,,,"Veterná oblasť, rýchlosť vetra (ms-1)",v,-,,,prac./voľno,720,22.142857142857142,,8.857142857142858,20,,8.0,22.142857142857142,,8.857142857142858,21.42857142857143,,8.571428571428571,3.571428571428571,,1.4285714285714286,0,,0.0,0,,0.0,0,,0.0,3.571428571428571,,1.4285714285714286,22.142857142857142,,8.857142857142858,21.42857142857143,,8.571428571428571,22.142857142857142,,8.857142857142858,dní,,Február,28,20,0.4,548.8000000000001,13.171200000000002,,,,sodíková výbojka nízkotlaká,150,100 – 210,34.85,66.39,0.53,14000,,,,,,
,,,,,,,,,,,Vnútorná výpočtová teplota (oC):,qi,20,20,,Norm/útlm: ,,16,8.0,24.0,16,8.0,24.0,16,8.0,24.0,16,8.0,24.0,16,8.0,24.0,16,8.0,24.0,16,8.0,24.0,16,8.0,24.0,16,8.0,24.0,16,8.0,24.0,16,8.0,24.0,16,8.0,24.0,hod,,Marec,31,20,4.6,477.40000000000003,11.457600000000001,,,,sodíková výbojka vysokotlaková ,120,100 – 140 ,18.26,116.18,0.18,25000,,,,,,
,,,,,,,,,,,Priemerná vonkajšia teplota vykurovacieho obdobia (oC):,qae,3.86,0,,D° :,4432.4,379.38095238095235,189.69047619047618,227.62857142857143,321.3333333333333,160.66666666666666,192.8,301.1428571428571,150.57142857142856,180.68571428571428,217.14285714285714,108.57142857142857,130.28571428571428,24.28571428571428,12.14285714285714,14.57142857142857,0,0.0,0.0,0,0.0,0.0,0,0.0,0.0,21.9047619047619,10.95238095238095,13.142857142857142,212.57142857142856,106.28571428571428,127.54285714285716,277.14285714285717,138.57142857142858,166.28571428571428,355.76190476190476,177.88095238095238,213.4571428571429,D°,,Apríl,30,20,9.9,303,7.272,,,,vysokotlaká ortuťová výbojka,50,40 – 60,8.63,0,0.03,12000,,,,,,
,,,,,,,,,,,Priemerný počet vykurovacích dní:,d,212,0,,ti :,,20,20.0,20.0,20,20.0,20.0,20,20.0,20.0,20,20.0,20.0,20,20.0,20.0,20,20.0,20.0,20,20.0,20.0,20,20.0,20.0,20,20.0,20.0,20,20.0,20.0,20,20.0,20.0,20,20.0,20.0,°C,,Október,31,20,9.8,316.2,7.5888,,,,halogenidová výbojka ,75,60 – 130,39.83,82.98,0.16,12000,,,,,,
,,,,,,,,,,,Priemerný počet dennostupňov:,D,3421.5,0,,tem :,,-5.7,-5.7,-5.7,-4.1,-4.1,-4.1,-0.4,-0.4,-0.4,4.8,4.8,4.8,9.8,9.8,9.8,12.5,12.5,12.5,14,14.0,14.0,13.4,13.4,13.4,10.8,10.8,10.8,5.6,5.6,5.6,0.6,0.6,0.6,-4.1,-4.1,-4.1,°C,,November,30,20,4.3,471,11.304,,,,ortuťová výbojka,50,40 – 60 ,9.96,0,0.12,24000,,,,,,
,,,,,,,,,,,,,,,,hkr,,2.8,2.8,2.8,2.8,2.8,2.8,2.8,2.8,2.8,2.8,2.8,2.8,2.8,2.8,2.8,2.8,2.8,2.8,2.8,2.8,2.8,2.8,2.8,2.8,2.8,2.8,2.8,2.8,2.8,2.8,2.8,2.8,2.8,2.8,2.8,2.8,m,,December,31,20,-0.3,629.3000000000001,15.103200000000001,,,,induktívna výbojka ,70,60 – 80,99.58,132.78,1.17,100000,,,,,,
,,,,,,,,,,,Súčiniteľ škárovej prievzdušnosti,ivl,,,,,,,,,,,,,,,,,,,,,,,,,,,,,,,,,,,,,,,,,,,,Suma spolu,212,20,26.9,3421.5000000000005,,,,,zmesová výbojka – 250 W,22,20 – 28,11.62,0,0.05,16000,,,,,,
,,,,,,,,,,,"kovové okná , škáry medzi rámom a krídlami, netesné",1.8,,,,,,,,,,,,,,,,,,,,,,,,,,,,,,,,,,,,,,,,,,,,,,,,,,,,,,,,,,,,,,,,,
,,,,,,,,,,,"drevené okná , škáry medzi rámom a krídlami, netesné",1.4,,,,,,,,,,,,,,,,,,,,,,,,,,,,,,,,,,,,,,,,,,,,,,,,,,,,,minimálny inštalovaný príkon nového svietidla,príkonová rada svietidiel,,,,,,,,,,Výpočet minimálne inštalovaného príkonu nového svietidla,
,,,,,,,,,,,"Drevené, plastové a kovové okná s tesniacim profilom",1,,,,,,,,,,,,,,,,,,,,,,,,,,,,,,,,,,,,,,,,,,,,,,,,,,,,,[ W ],[ W ],,,,,,,,,,[ W ],
,,,,,,,,,,,iné podľa STN 73 0540-3:2012,0.5,,,,,,,,,,,,,,,,,,,,,,,,,,,,,,,,,,,,,,,,,,,,,,,,,,,,,0,0,0,0,0,0,0,0.0,0.0,0.0,0.0,0,0.0
,,,,,,,,,,,,,,,,,,,,,,,,,,,,,,,,,,,,,,,,,,,,,,,,,,,,,,,,,,,,,,,,,0,0,0,0,0,0,0,0.0,0.0,0.0,0.0,0,0.0
,,,,,,,,,,,Tepelná strata cez konštrukciu,bx,,,,,,,,,,,,,,,,,,,,,,,,,,,,,,,,,,,,,,,,,,,,,,,,,,,,,0,0,0,0,0,0,0,0.0,0.0,0.0,0.0,0,0.0
,,,,,,,,,,,"vonkajšia stena, okno, dvere",1,,,,,,,,,,,,,,,,,,,,,,,,,,,,,,,,,,,,,,,,,,,,,,,,,,,,,0,0,0,0,0,0,0,0.0,0.0,0.0,0.0,0,0.0
,,,,,,,,,,,"strecha(plochá, šikmá) na teplovýmennom obale budovy",1,,,,,,,,,,,,,,,,,,,,,,,,,,,,,,,,,,,,,,,,,,,,,,,,,,,,,0,0,0,0,0,0,0,0.0,0.0,0.0,0.0,0,0.0
,,,,,,,,,,,podlaha na teréne,1,,,,,,,,,,,,,,,,,,,,,,,,,,,,,,,,,,,,,,,,,,,,,,,,,,,,,0,0,0,0,0,0,0,0.0,0.0,0.0,0.0,0,0.0
,,,,,,,,,,,podlaha povaly,0.8,,,,,,,,,,,,,,,,,,,,,,,,,,,,,,,,,,,,,,,,,,,,,,,,,,,,,0,0,0,0,0,0,0,0.0,0.0,0.0,0.0,0,0.0
,,,,,,,,,,,stena medzi vyk a nevyk priestorom a podstrešným priestorom,0.8,,,,,,,,,,,,,,,,,,,,,,,,,,,,,,,,,,,,,,,,,,,,,,,,,,,,,0,0,0,0,0,0,0,0.0,0.0,0.0,0.0,0,0.0
,,,,,,,,,,,stena alebo strop nevykurovaného suterénu,0.5,,,,,,,,,,,,,,,,,,,,,,,,,,,,,,,,,,,,,,,,,,,,,,,,,,,,,0,0,0,0,0,0,0,0.0,0.0,0.0,0.0,0,0.0
,,,,,,,,,,,stena alebo strop temperovaného priestoru,0.35,,,,,,,,,,,,,,,,,,,,,,,,,,,,,,,,,,,,,,,,,,,,,,,,,,,,,,,,,,,,,,,,,
,,,,,,,,,,,otvorená dilatácia,0.35,,,,,,,,,,,,,,,,,,,,,,,,,,,,,,,,,,,,,,,,,,,,,,,,,,,,,,,,,,,,,,,,,
,,,,,,,,,,,"uzavretá izolovaná dilatácia do šírkou do 0,05m",0.1,,,,,,,,,,,,,,,,,,,,,,,,,,,,,,,,,,,,,,,,,,,,,,,,,,,,,,,,,,,,,,,,,
,,,,,,,,,,,"stena a otvorená konštrukcia do nevyk priestoru, ktorý má zasklenie - jednoduché",0.7,,,,,,,,,,,,,,,,,,,,,,,,,,,,,,,,,,,,,,,,,,,,,,,,,,,,,,,,,,,,,,,,,
,,,,,,,,,,,"stena a otvorená konštrukcia do nevyk priestoru, ktorý má zasklenie - dvojité",0.6,,,,,,,,,,,,,,,,,,,,,,,,,,,,,,,,,,,,,,,,,,,,,,,,,,,,,,,,,,,,,,,,,
,,,,,,,,,,,"stena a otvorená konštrukcia do nevyk priestoru, ktorý má zasklenie - dvojsklo",0.5,,,,,,,,,,,,,,,,,,,,,,,,,,,,,,,,,,,,,,,,,,,,,,,,,,,,,,,,,,,,,,,,,
,,,,,,,,,,,strop nad otvoreným prejazdom,1,,,,,,,,,,,,,,,,,,,,,,,,,,,,,,,,,,,,,,,,,,,,,,,,,,,,,,,,,,,,,,,,,
